{
  "contrarian_to_cot": {
    "mean_improvement": {
      "mean": -0.00011179477405676153,
      "std": 6.687072296033681e-05,
      "values": [
        -0.00011231310418224894,
        -0.0001872421707957983,
        -5.5887467169668525e-06,
        -0.000142035074532032
      ]
    },
    "mean_baseline": {
      "mean": 0.00012298318824832677,
      "std": 7.596420990585804e-05,
      "values": [
        0.00011331959649396595,
        0.00021295598708093166,
        6.444781320169568e-06,
        0.0001592123880982399
      ]
    },
    "mean_patched": {
      "mean": 1.1188414191565244e-05,
      "std": 1.0692097815966365e-05,
      "values": [
        1.006492311717011e-06,
        2.5713816285133362e-05,
        8.560346032027155e-07,
        1.7177313566207886e-05
      ]
    }
  },
  "contrarian_to_direct": {
    "mean_improvement": {
      "mean": -0.000148075632750988,
      "std": 8.750736009936874e-05,
      "values": [
        -0.00024156566360034049,
        -0.0002066793094854802,
        -1.3338372809812427e-05,
        -0.00013071918510831892
      ]
    },
    "mean_baseline": {
      "mean": 0.00017311295232502744,
      "std": 0.00010806304805019887,
      "values": [
        0.00025086355162784457,
        0.0002914622600656003,
        1.4107325114309788e-05,
        0.0001360186724923551
      ]
    },
    "mean_patched": {
      "mean": 2.503731957403943e-05,
      "std": 3.4625878325368614e-05,
      "values": [
        9.297888027504086e-06,
        8.478295058012009e-05,
        7.689523044973612e-07,
        5.299487384036183e-06
      ]
    }
  },
  "best_patching_layers": [
    10,
    0,
    10,
    25
  ],
  "mean_best_layer": 11.25
}