{
  "diabetes": {
    "case_name": "diabetes",
    "answer_token_ids": [
      143200,
      2084,
      236774,
      155693,
      15886,
      23390,
      2328,
      51998
    ],
    "contrarian_to_cot": {
      "base_probability": 0.00011331959649396595,
      "source_probability": 9.689061261042298e-05,
      "patched_probability": 1.006492311717011e-06,
      "improvement": -0.00011231310418224894,
      "normalized_improvement": 0
    },
    "contrarian_to_direct": {
      "base_probability": 0.00025086355162784457,
      "source_probability": 9.689061261042298e-05,
      "patched_probability": 9.297888027504086e-06,
      "improvement": -0.00024156566360034049,
      "normalized_improvement": 0
    },
    "layer_sweep": {
      "0": {
        "base_probability": 0.00011331959649396595,
        "source_probability": 9.689061261042298e-05,
        "patched_probability": 1.0072999430121854e-06,
        "improvement": -0.00011231229655095376,
        "normalized_improvement": 0
      },
      "5": {
        "base_probability": 0.00011331959649396595,
        "source_probability": 9.689061261042298e-05,
        "patched_probability": 1.0644744179444388e-06,
        "improvement": -0.00011225512207602151,
        "normalized_improvement": 0
      },
      "10": {
        "base_probability": 0.00011331959649396595,
        "source_probability": 9.689061261042298e-05,
        "patched_probability": 1.1008542060153559e-06,
        "improvement": -0.00011221874228795059,
        "normalized_improvement": 0
      },
      "15": {
        "base_probability": 0.00011331959649396595,
        "source_probability": 9.689061261042298e-05,
        "patched_probability": 1.0478852345841005e-06,
        "improvement": -0.00011227171125938185,
        "normalized_improvement": 0
      },
      "18": {
        "base_probability": 0.00011331959649396595,
        "source_probability": 9.689061261042298e-05,
        "patched_probability": 1.006492311717011e-06,
        "improvement": -0.00011231310418224894,
        "normalized_improvement": 0
      },
      "20": {
        "base_probability": 0.00011331959649396595,
        "source_probability": 9.689061261042298e-05,
        "patched_probability": 9.668328857515007e-07,
        "improvement": -0.00011235276360821445,
        "normalized_improvement": 0
      },
      "25": {
        "base_probability": 0.00011331959649396595,
        "source_probability": 9.689061261042298e-05,
        "patched_probability": 1.0704552551032975e-06,
        "improvement": -0.00011224914123886265,
        "normalized_improvement": 0
      },
      "30": {
        "base_probability": 0.00011331959649396595,
        "source_probability": 9.689061261042298e-05,
        "patched_probability": 9.842369763646275e-07,
        "improvement": -0.00011233535951760132,
        "normalized_improvement": 0
      },
      "35": {
        "base_probability": 0.00011331959649396595,
        "source_probability": 9.689061261042298e-05,
        "patched_probability": 1.0523308446863666e-06,
        "improvement": -0.00011226726564927958,
        "normalized_improvement": 0
      },
      "40": {
        "base_probability": 0.00011331959649396595,
        "source_probability": 9.689061261042298e-05,
        "patched_probability": 1.015116140479222e-06,
        "improvement": -0.00011230448035348672,
        "normalized_improvement": 0
      },
      "45": {
        "base_probability": 0.00011331959649396595,
        "source_probability": 9.689061261042298e-05,
        "patched_probability": 1.0834355634870008e-06,
        "improvement": -0.00011223616093047895,
        "normalized_improvement": 0
      },
      "50": {
        "base_probability": 0.00011331959649396595,
        "source_probability": 9.689061261042298e-05,
        "patched_probability": 1.0506719263503328e-06,
        "improvement": -0.00011226892456761561,
        "normalized_improvement": 0
      },
      "55": {
        "base_probability": 0.00011331959649396595,
        "source_probability": 9.689061261042298e-05,
        "patched_probability": 1.0615367500577122e-06,
        "improvement": -0.00011225805974390823,
        "normalized_improvement": 0
      },
      "60": {
        "base_probability": 0.00011331959649396595,
        "source_probability": 9.689061261042298e-05,
        "patched_probability": 1.0475887393113226e-06,
        "improvement": -0.00011227200775465462,
        "normalized_improvement": 0
      }
    }
  },
  "croup": {
    "case_name": "croup",
    "answer_token_ids": [
      236780,
      218382,
      236752,
      236755,
      565,
      236798
    ],
    "contrarian_to_cot": {
      "base_probability": 0.00021295598708093166,
      "source_probability": 0.0001593422239238862,
      "patched_probability": 2.5713816285133362e-05,
      "improvement": -0.0001872421707957983,
      "normalized_improvement": 0
    },
    "contrarian_to_direct": {
      "base_probability": 0.0002914622600656003,
      "source_probability": 0.0001593422239238862,
      "patched_probability": 8.478295058012009e-05,
      "improvement": -0.0002066793094854802,
      "normalized_improvement": 0
    },
    "layer_sweep": {
      "0": {
        "base_probability": 0.00021295598708093166,
        "source_probability": 0.0001593422239238862,
        "patched_probability": 2.5713816285133362e-05,
        "improvement": -0.0001872421707957983,
        "normalized_improvement": 0
      },
      "5": {
        "base_probability": 0.00021295598708093166,
        "source_probability": 0.0001593422239238862,
        "patched_probability": 2.5713816285133362e-05,
        "improvement": -0.0001872421707957983,
        "normalized_improvement": 0
      },
      "10": {
        "base_probability": 0.00021295598708093166,
        "source_probability": 0.0001593422239238862,
        "patched_probability": 2.5713816285133362e-05,
        "improvement": -0.0001872421707957983,
        "normalized_improvement": 0
      },
      "15": {
        "base_probability": 0.00021295598708093166,
        "source_probability": 0.0001593422239238862,
        "patched_probability": 2.5713816285133362e-05,
        "improvement": -0.0001872421707957983,
        "normalized_improvement": 0
      },
      "18": {
        "base_probability": 0.00021295598708093166,
        "source_probability": 0.0001593422239238862,
        "patched_probability": 2.5713816285133362e-05,
        "improvement": -0.0001872421707957983,
        "normalized_improvement": 0
      },
      "20": {
        "base_probability": 0.00021295598708093166,
        "source_probability": 0.0001593422239238862,
        "patched_probability": 2.5713816285133362e-05,
        "improvement": -0.0001872421707957983,
        "normalized_improvement": 0
      },
      "25": {
        "base_probability": 0.00021295598708093166,
        "source_probability": 0.0001593422239238862,
        "patched_probability": 2.5713816285133362e-05,
        "improvement": -0.0001872421707957983,
        "normalized_improvement": 0
      },
      "30": {
        "base_probability": 0.00021295598708093166,
        "source_probability": 0.0001593422239238862,
        "patched_probability": 2.5713816285133362e-05,
        "improvement": -0.0001872421707957983,
        "normalized_improvement": 0
      },
      "35": {
        "base_probability": 0.00021295598708093166,
        "source_probability": 0.0001593422239238862,
        "patched_probability": 2.5713816285133362e-05,
        "improvement": -0.0001872421707957983,
        "normalized_improvement": 0
      },
      "40": {
        "base_probability": 0.00021295598708093166,
        "source_probability": 0.0001593422239238862,
        "patched_probability": 2.5713816285133362e-05,
        "improvement": -0.0001872421707957983,
        "normalized_improvement": 0
      },
      "45": {
        "base_probability": 0.00021295598708093166,
        "source_probability": 0.0001593422239238862,